platform,image_url,caption,post_time,posted
both,https://picsum.photos/1080/1080,Testing my automation engine,2026-07-13 10:06,True
facebook,https://storage.googleapis.com/YOUR_BUCKET/example2.jpg,Real science. Real talk. No gaslighting.,2026-07-14 13:00,False
instagram,https://storage.googleapis.com/YOUR_BUCKET/example3.jpg,You are not crazy. This is real.,2026-07-14 17:00,False
both,https://storage.googleapis.com/menopause-clarity-images/week1_day7_post1_banner.png,"Mid-conversation, she paused, reaching for a thought that had simply evaporated somewhere between one sentence and the next, the room waiting a beat too long for her to continue. 💭

Mental clarity seems to ebb and flow more than it used to, some days sharp and some days frustratingly out of reach with no obvious pattern to predict which kind of day is coming. This kind of pause is common during hormonal fluctuation and, while disorienting in the moment, it's rarely a sign of anything more serious for the vast majority of women.

Giving yourself a beat, rather than panicking or rushing to fill the silence, usually lets the thought resurface on its own. 🧠

Where did that word just go, and how long did it take to find it again?
#PerimenopauseSymptoms #MidlifeWomen #HormoneHealth #WomensHealth #MenopauseBrain

#PerimenopauseSymptoms #MidlifeWomen #HormoneHealth #WomensHealth #MenopauseBrain #BrainFog",2026-07-13 06:00,True
both,https://storage.googleapis.com/menopause-clarity-images/week1_day7_post2_image.png,"Her hair tie sat a little looser around a ponytail that felt thinner than it used to, a small detail she couldn't stop noticing once she saw it in the mirror that morning. 🎀

Adjusting a routine can matter more than simply adding more products to it when the underlying cause is hormonal rather than a product mismatch. Hair changes during this stage often respond better to gentler handling and different styling choices than to piling on more treatments hoping something eventually sticks.

Reducing heat styling and switching to softer accessories both help reduce breakage while the hair adjusts to its new, thinner baseline. 🎀

Which part of your routine had to change first this year — hair, skin, or something else entirely?
#MenopauseHair #HormoneHealth #MenopauseBeauty #MidlifeWomen #MenopauseSkin

#MenopauseHair #HormoneHealth #MenopauseBeauty #MidlifeWomen #MenopauseSkin #WomensHealth",2026-07-13 06:30,False
both,https://storage.googleapis.com/menopause-clarity-images/week1_day7_post3_image.png,"Two people sat close on the couch, almost touching, a small gap between them that neither one closed, the silence stretching longer than either of them intended. 🛋️

Understanding often has to be asked for before it's offered — silence rarely bridges the distance on its own, no matter how much either person wants it to close naturally over time. Intimacy shifts during this stage, but naming what's changing, even imperfectly, tends to close more distance than staying quiet ever will between two people who still care about each other.

Choosing to reach first, even in a small way, often breaks a silence that's lasted far longer than it needed to. 💛

What's the smallest gap in your relationship that's actually been the hardest to close?
#MidlifeRelationships #MenopauseSupport #HormoneHealth #WomensHealth #MenopauseIntimacy

#MenopauseIntimacy #MenopauseSupport #HormoneHealth #WomensHealth #MidlifeWomen #MidlifeRelationships",2026-07-13 07:00,False
both,https://storage.googleapis.com/menopause-clarity-images/week1_day7_post4_image.png,"She held a folder of medical records tightly against her chest, walking into yet another appointment armed with proof because she'd learned to expect not being believed without it. 📁

Being taken seriously shouldn't depend on how carefully a question is phrased, but for many women navigating this transition, it often does exactly that in practice. Bringing documentation isn't overkill — it's a reasonable response to a pattern of being dismissed that's happened often enough to make preparation feel necessary rather than excessive.

Building a habit of documenting symptoms consistently, rather than relying on memory alone in the moment, tends to change how seriously an appointment is taken. 📁

What's the moment you finally stopped waiting to be believed and started bringing your own proof?
#PatientAdvocacy #HormoneHealth #WomensHealth #MenopauseAdvocacy #MidlifeWomen

#PatientAdvocacy #HormoneHealth #WomensHealth #MenopauseAdvocacy #MidlifeWomen #MedicalGaslighting",2026-07-13 07:30,False
both,https://storage.googleapis.com/menopause-clarity-images/week1_day7_post6_banner.png,"She set down a self-help book with a skeptical look, having just read advice that flatly contradicted everything she'd actually learned about her own body over the past few years. 📚

Unlearning old advice takes just as much effort as learning it did in the first place, especially when that advice came from people you trusted for years and never had reason to question before now. Questioning it out loud is uncomfortable, but necessary, given how much of it simply hasn't kept pace with current research on this transition.

Seeking updated, evidence-based sources, and being willing to discard advice that no longer holds up, both matter more than sticking with what's familiar. 🔍

Who first told you to just push through it, and what do you wish they'd said instead?
#MenopauseSupport #MenopauseMythBusting #HormoneHealth #MidlifeWomen #PerimenopauseFacts

#MenopauseSupport #MenopauseMythBusting #HormoneHealth #MidlifeWomen #WomensHealth #PerimenopauseFacts",2026-07-13 08:30,False
both,https://storage.googleapis.com/menopause-clarity-images/week1_day7_post7_image.png,"She stood up too quickly from the couch and the room tilted for a second, an unfamiliar dizziness that passed as fast as it arrived, leaving her steadying herself on the armrest. 🌀

It's rarely just one thing — brain fog and rage in the same week is a lot to carry at once, and dizziness is one more entry on a list that keeps growing the more you learn about it and start connecting the pieces yourself. Nobody warns you how many seemingly unrelated symptoms trace back to the exact same hormonal root cause underneath everything else.

Standing up slowly, staying hydrated, and mentioning persistent dizziness to a doctor all help rule out other causes while managing the day-to-day disruption. 🌊

What's the symptom that took you the longest to connect to your hormones?
#SymptomDecoder #MidlifeWomen #MenopauseSupport #MenopauseAwareness #HormoneHealth

#SymptomDecoder #MidlifeWomen #MenopauseSupport #MenopauseAwareness #HormoneHealth #WomensHealth",2026-07-13 09:00,False
both,https://storage.googleapis.com/menopause-clarity-images/week1_day7_post8_image.png,"A fan aimed directly at her face all night, the only thing standing between her and another round of waking up overheated in the middle of the night. 🌬️

It's rarely just one thing — waking at the same hour every night, like clockwork, is its own strange puzzle layered on top of everything else this transition brings with it. The fan has become less about comfort and more about survival, one more small adjustment nobody prepares you for in advance or thinks to mention until you're living it yourself.

Layering bedding that's easy to adjust mid-sleep, alongside a genuinely cool room, helps manage the physical disruption even on the hardest nights. 🌙

What time does your body wake you up, uninvited, more nights than not?
#PerimenopauseFatigue #HormoneHealth #SleepSupport #WomensHealth #MidlifeWomen

#PerimenopauseFatigue #HormoneHealth #SleepSupport #WomensHealth #MidlifeWomen #MenopauseSleep",2026-07-13 09:30,False
both,https://storage.googleapis.com/menopause-clarity-images/week1_day7_post10_image.png,"She caught her reflection in a store window and paused, momentarily unsure if the body looking back was actually hers, standing there a beat longer than usual before walking on. 🪞

It's rarely just one thing — the scale and the mirror seem to disagree with each other more often now, and that disconnect between effort and outcome is one of the more disorienting parts of this stage to sit with honestly. The body isn't broken, it's simply operating under a different set of rules than it used to, rules nobody handed you a manual for.

Focusing on strength and energy rather than a single number tends to feel more honest to what's actually changing here. 💪

What's the one habit that's actually made a real difference for your body during this transition?
#WomensHealth #MenopauseWeight #MidlifeMetabolism #MidlifeWomen #PerimenopauseBody

#WomensHealth #MenopauseWeight #MidlifeMetabolism #MidlifeWomen #PerimenopauseBody #HormoneHealth",2026-07-13 10:30,False
both,https://storage.googleapis.com/menopause-clarity-images/week1_day7_post11_banner.png,"She sat in her parked car for a full minute, just breathing, before finally heading inside to face whatever was waiting for her on the other side of that door. 🚗

It's rarely just one thing — small, boring, consistent habits tend to outperform anything flashy, and this deep breath in a parked car is exactly the kind of unglamorous ritual that quietly makes the biggest difference over time, even though it looks like nothing from the outside.

Building in small pauses like this throughout an ordinary day gives the nervous system a chance to reset before the next demand arrives. 🌿

What's the smallest habit that's ended up mattering the most for you lately?
#MenopauseLifestyle #NaturalMenopauseSupport #HormoneHealth #WomensHealth #MidlifeWellness

#MenopauseLifestyle #NaturalMenopauseSupport #HormoneHealth #WomensHealth #MidlifeWellness #MenopauseSupport",2026-07-13 11:00,False
both,https://storage.googleapis.com/menopause-clarity-images/week1_day7_post13_image.png,"More strands in the hairbrush than she remembered from even a few months ago, enough that she paused before setting it back down on the counter without a word. 🪮

It's rarely just one thing — collagen loss explains more of this than most people realize, touching hair, skin, and joints in ways that rarely get connected back to the same underlying cause until you actually sit down and map it out.

Supporting overall nutrition and gentle hair care, rather than chasing a single miracle product, tends to yield the most noticeable improvement over time. 🌱

What change caught you off guard first — was it your skin, your hair, or something else entirely?
#MenopauseHair #MenopauseSkin #WomensHealth #MidlifeWomen #MenopauseBeauty

#MenopauseHair #MenopauseSkin #WomensHealth #MidlifeWomen #MenopauseBeauty #HormoneHealth",2026-07-13 12:00,False
both,https://storage.googleapis.com/menopause-clarity-images/week1_day7_post14_image.png,"Two coffee mugs sat on the counter, both still warm, the quiet between them saying more than either of them had said out loud in weeks, the silence somehow louder than words. ☕

It's rarely just one thing — partners often want to help but don't know where to start the conversation, and that uncertainty can look a lot like distance if nobody names what's actually happening underneath the silence.

Starting with one honest sentence, even an imperfect one, tends to open a door that's been quietly closed for longer than either person realized. 💛

When did you last talk about this with your partner honestly, start to finish?
#WomensHealth #HormoneHealth #MidlifeWomen #MidlifeRelationships #MenopauseSupport

#WomensHealth #HormoneHealth #MidlifeWomen #MidlifeRelationships #MenopauseSupport #MenopauseIntimacy",2026-07-13 12:30,False
both,https://storage.googleapis.com/menopause-clarity-images/week1_day7_post15_image.png,"She found an old photo of herself tucked in a drawer, looking at a version of her life that felt both familiar and strangely distant now, more than she expected it to. 🖼️

It's rarely just one thing — some of the best decisions come right after the hardest ones, and this chapter has asked her to let go of more than she expected while quietly building something new in its place without announcing it to anyone.

Allowing yourself to look back without judgment, rather than only measuring how far you've come, tends to make peace with both versions of yourself. ✨

What's one thing about this chapter you didn't expect to enjoy as much as you do?
#MidlifeReinvention #WomensHealth #HormoneHealth #MidlifeWomen #MenopauseJourney

#MidlifeReinvention #WomensHealth #HormoneHealth #MidlifeWomen #MenopauseJourney #NewChapter",2026-07-13 13:00,False
