Date,Time,Asset_Type,Post_Title,Image_Prompt,Overlay_Text,Script_Text,Caption,Hashtags,First_Comment,Image_Filename,Status
07/13/2026,6:00 AM,banner,Brain & Cognition - pausing mid-conversation to fi,"Cinematic, photorealistic lifestyle photograph of a woman in her mid-50s in a grocery store aisle, experiencing pausing mid-conversation to find her thought. bright even fluorescent overhead light, shallow depth of field, natural skin texture, candid unposed expression, emotionally grounded and real, shot like a 35mm documentary photograph, no text, no illustration, no graphic overlays.",WHERE DID THAT WORD JUST GO?,,"Mid-conversation, she paused, reaching for a thought that had simply evaporated somewhere between one sentence and the next, the room waiting a beat too long for her to continue. 💭

Mental clarity seems to ebb and flow more than it used to, some days sharp and some days frustratingly out of reach with no obvious pattern to predict which kind of day is coming. This kind of pause is common during hormonal fluctuation and, while disorienting in the moment, it's rarely a sign of anything more serious for the vast majority of women.

Giving yourself a beat, rather than panicking or rushing to fill the silence, usually lets the thought resurface on its own. 🧠

Where did that word just go, and how long did it take to find it again?
#PerimenopauseSymptoms #MidlifeWomen #HormoneHealth #WomensHealth #MenopauseBrain",#PerimenopauseSymptoms #MidlifeWomen #HormoneHealth #WomensHealth #MenopauseBrain #BrainFog,"Brain fog has a name, and it's not early dementia.",week1_day7_post1_banner.png,pending
07/13/2026,6:30 AM,image,"Skin, Hair & Body Changes - a hair tie loosening around a ","Cinematic, photorealistic lifestyle photograph of a woman in her mid-50s in a walking trail at sunrise, experiencing a hair tie loosening around a thinner ponytail. warm golden sunrise light through trees, shallow depth of field, natural skin texture, candid unposed expression, emotionally grounded and real, shot like a 35mm documentary photograph, no text, no illustration, no graphic overlays.",,,"Her hair tie sat a little looser around a ponytail that felt thinner than it used to, a small detail she couldn't stop noticing once she saw it in the mirror that morning. 🎀

Adjusting a routine can matter more than simply adding more products to it when the underlying cause is hormonal rather than a product mismatch. Hair changes during this stage often respond better to gentler handling and different styling choices than to piling on more treatments hoping something eventually sticks.

Reducing heat styling and switching to softer accessories both help reduce breakage while the hair adjusts to its new, thinner baseline. 🎀

Which part of your routine had to change first this year — hair, skin, or something else entirely?
#MenopauseHair #HormoneHealth #MenopauseBeauty #MidlifeWomen #MenopauseSkin",#MenopauseHair #HormoneHealth #MenopauseBeauty #MidlifeWomen #MenopauseSkin #WomensHealth,Collagen doesn't ask permission before it leaves.,week1_day7_post2_image.png,pending
07/13/2026,7:00 AM,image,Relationships & Intimacy - two people close but not quite,"Cinematic, photorealistic lifestyle photograph of a woman just past 50 in a quiet bathroom mirror at midnight, experiencing two people close but not quite touching. a single vanity light glowing in the dark, shallow depth of field, natural skin texture, candid unposed expression, emotionally grounded and real, shot like a 35mm documentary photograph, no text, no illustration, no graphic overlays.",,,"Two people sat close on the couch, almost touching, a small gap between them that neither one closed, the silence stretching longer than either of them intended. 🛋️

Understanding often has to be asked for before it's offered — silence rarely bridges the distance on its own, no matter how much either person wants it to close naturally over time. Intimacy shifts during this stage, but naming what's changing, even imperfectly, tends to close more distance than staying quiet ever will between two people who still care about each other.

Choosing to reach first, even in a small way, often breaks a silence that's lasted far longer than it needed to. 💛

What's the smallest gap in your relationship that's actually been the hardest to close?
#MidlifeRelationships #MenopauseSupport #HormoneHealth #WomensHealth #MenopauseIntimacy",#MenopauseIntimacy #MenopauseSupport #HormoneHealth #WomensHealth #MidlifeWomen #MidlifeRelationships,"Desire doesn't disappear, it just needs a different kind of attention.",week1_day7_post3_image.png,pending
07/13/2026,7:30 AM,image,Medical Gaslighting & Advocacy - a folder of medical records he,"Cinematic, photorealistic lifestyle photograph of a woman in her early 50s in a sunlit kitchen at 6am, experiencing a folder of medical records held tightly. soft morning light spilling through the window, shallow depth of field, natural skin texture, candid unposed expression, emotionally grounded and real, shot like a 35mm documentary photograph, no text, no illustration, no graphic overlays.",,,"She held a folder of medical records tightly against her chest, walking into yet another appointment armed with proof because she'd learned to expect not being believed without it. 📁

Being taken seriously shouldn't depend on how carefully a question is phrased, but for many women navigating this transition, it often does exactly that in practice. Bringing documentation isn't overkill — it's a reasonable response to a pattern of being dismissed that's happened often enough to make preparation feel necessary rather than excessive.

Building a habit of documenting symptoms consistently, rather than relying on memory alone in the moment, tends to change how seriously an appointment is taken. 📁

What's the moment you finally stopped waiting to be believed and started bringing your own proof?
#PatientAdvocacy #HormoneHealth #WomensHealth #MenopauseAdvocacy #MidlifeWomen",#PatientAdvocacy #HormoneHealth #WomensHealth #MenopauseAdvocacy #MidlifeWomen #MedicalGaslighting,Being dismissed isn't the same as being fine.,week1_day7_post4_image.png,pending
07/13/2026,8:00 AM,reel,Identity & Reinvention - a woman watching the sunrise f,,,"Nobody tells you that grief shows up in this chapter too, grief for the body you used to have, the certainty you used to feel. But alongside that grief, something else has shown up, a kind of clarity about what actually matters to me now. This isn't just an ending. It's turning out to be its own kind of beginning, one I didn't expect to want.","Grief and excitement showed up in the same week. Reinvention at 50 looks different than it did at 25, and that's allowed.",#HormoneHealth #WomensHealth #MidlifeReinvention #MidlifeWomen #MenopauseJourney #NewChapter,"This chapter gets to be a beginning, not just an ending.",week1_day7_post5_reel.mp4,pending
07/13/2026,8:30 AM,banner,Myth Busting - a woman setting down a self-he,"Cinematic, photorealistic lifestyle photograph of a woman in her early 50s in a farmers market on a Saturday morning, experiencing a woman setting down a self-help book with a skeptical look. bright natural morning sunlight, shallow depth of field, natural skin texture, candid unposed expression, emotionally grounded and real, shot like a 35mm documentary photograph, no text, no illustration, no graphic overlays.",WHO SAID TO JUST PUSH THROUGH?,,"She set down a self-help book with a skeptical look, having just read advice that flatly contradicted everything she'd actually learned about her own body over the past few years. 📚

Unlearning old advice takes just as much effort as learning it did in the first place, especially when that advice came from people you trusted for years and never had reason to question before now. Questioning it out loud is uncomfortable, but necessary, given how much of it simply hasn't kept pace with current research on this transition.

Seeking updated, evidence-based sources, and being willing to discard advice that no longer holds up, both matter more than sticking with what's familiar. 🔍

Who first told you to just push through it, and what do you wish they'd said instead?
#MenopauseSupport #MenopauseMythBusting #HormoneHealth #MidlifeWomen #PerimenopauseFacts",#MenopauseSupport #MenopauseMythBusting #HormoneHealth #MidlifeWomen #WomensHealth #PerimenopauseFacts,Pushing through was never good advice.,week1_day7_post6_banner.png,pending
07/13/2026,9:00 AM,image,Symptom Decoder - dizziness when standing up too,"Cinematic, photorealistic lifestyle photograph of a woman in her mid-50s in a cluttered home office desk, experiencing dizziness when standing up too fast. cool gray light of an overcast afternoon, shallow depth of field, natural skin texture, candid unposed expression, emotionally grounded and real, shot like a 35mm documentary photograph, no text, no illustration, no graphic overlays.",,,"She stood up too quickly from the couch and the room tilted for a second, an unfamiliar dizziness that passed as fast as it arrived, leaving her steadying herself on the armrest. 🌀

It's rarely just one thing — brain fog and rage in the same week is a lot to carry at once, and dizziness is one more entry on a list that keeps growing the more you learn about it and start connecting the pieces yourself. Nobody warns you how many seemingly unrelated symptoms trace back to the exact same hormonal root cause underneath everything else.

Standing up slowly, staying hydrated, and mentioning persistent dizziness to a doctor all help rule out other causes while managing the day-to-day disruption. 🌊

What's the symptom that took you the longest to connect to your hormones?
#SymptomDecoder #MidlifeWomen #MenopauseSupport #MenopauseAwareness #HormoneHealth",#SymptomDecoder #MidlifeWomen #MenopauseSupport #MenopauseAwareness #HormoneHealth #WomensHealth,Which symptom on this list surprised you most when you learned the cause?,week1_day7_post7_image.png,pending
07/13/2026,9:30 AM,image,Sleep & Energy - a fan aimed directly at her fa,"Cinematic, photorealistic lifestyle photograph of a woman turning 50 this year in a closet full of clothes that no longer fit, experiencing a fan aimed directly at her face. a single closet bulb overhead, shallow depth of field, natural skin texture, candid unposed expression, emotionally grounded and real, shot like a 35mm documentary photograph, no text, no illustration, no graphic overlays.",,,"A fan aimed directly at her face all night, the only thing standing between her and another round of waking up overheated in the middle of the night. 🌬️

It's rarely just one thing — waking at the same hour every night, like clockwork, is its own strange puzzle layered on top of everything else this transition brings with it. The fan has become less about comfort and more about survival, one more small adjustment nobody prepares you for in advance or thinks to mention until you're living it yourself.

Layering bedding that's easy to adjust mid-sleep, alongside a genuinely cool room, helps manage the physical disruption even on the hardest nights. 🌙

What time does your body wake you up, uninvited, more nights than not?
#PerimenopauseFatigue #HormoneHealth #SleepSupport #WomensHealth #MidlifeWomen",#PerimenopauseFatigue #HormoneHealth #SleepSupport #WomensHealth #MidlifeWomen #MenopauseSleep,How many times did you wake up before your alarm went off?,week1_day7_post8_image.png,pending
07/13/2026,10:00 AM,reel,Mood & Mental Health - rage that surprises even her,,,"I cried at a cereal commercial last week. Genuinely. It's not that I'm sad all the time, it's that my emotional reactions feel bigger than the moment deserves. That's not a personality flaw, that's estrogen affecting the exact brain chemicals that regulate mood. Once I understood the biology, I stopped apologizing for it so much. I still feel it. I just don't fight it the same way anymore.",The tears surprised her more than anyone else. What set off the last unexpected wave of emotion for you?,#PerimenopauseAnxiety #WomensHealth #HormoneHealth #MidlifeWomen #MenopauseMood #MentalHealthMatters,Where were you the last time it hit without warning?,week1_day7_post9_reel.mp4,pending
07/13/2026,10:30 AM,image,Weight & Metabolism - a body that feels unfamiliar i,"Cinematic, photorealistic lifestyle photograph of a woman in her mid-50s in a bedroom with a fan running at 3am, experiencing a body that feels unfamiliar in the mirror. a single bedside lamp glowing in the dark, shallow depth of field, natural skin texture, candid unposed expression, emotionally grounded and real, shot like a 35mm documentary photograph, no text, no illustration, no graphic overlays.",,,"She caught her reflection in a store window and paused, momentarily unsure if the body looking back was actually hers, standing there a beat longer than usual before walking on. 🪞

It's rarely just one thing — the scale and the mirror seem to disagree with each other more often now, and that disconnect between effort and outcome is one of the more disorienting parts of this stage to sit with honestly. The body isn't broken, it's simply operating under a different set of rules than it used to, rules nobody handed you a manual for.

Focusing on strength and energy rather than a single number tends to feel more honest to what's actually changing here. 💪

What's the one habit that's actually made a real difference for your body during this transition?
#WomensHealth #MenopauseWeight #MidlifeMetabolism #MidlifeWomen #PerimenopauseBody",#WomensHealth #MenopauseWeight #MidlifeMetabolism #MidlifeWomen #PerimenopauseBody #HormoneHealth,Which piece of old advice stopped working for you first?,week1_day7_post10_image.png,pending
07/13/2026,11:00 AM,banner,Natural & Lifestyle Approaches - a deep breath taken in a parke,"Cinematic, photorealistic lifestyle photograph of a woman turning 50 this year in a walking trail at sunrise, experiencing a deep breath taken in a parked car. warm golden sunrise light through trees, shallow depth of field, natural skin texture, candid unposed expression, emotionally grounded and real, shot like a 35mm documentary photograph, no text, no illustration, no graphic overlays.","SMALL HABIT, SURPRISINGLY REAL DIFFERENCE",,"She sat in her parked car for a full minute, just breathing, before finally heading inside to face whatever was waiting for her on the other side of that door. 🚗

It's rarely just one thing — small, boring, consistent habits tend to outperform anything flashy, and this deep breath in a parked car is exactly the kind of unglamorous ritual that quietly makes the biggest difference over time, even though it looks like nothing from the outside.

Building in small pauses like this throughout an ordinary day gives the nervous system a chance to reset before the next demand arrives. 🌿

What's the smallest habit that's ended up mattering the most for you lately?
#MenopauseLifestyle #NaturalMenopauseSupport #HormoneHealth #WomensHealth #MidlifeWellness",#MenopauseLifestyle #NaturalMenopauseSupport #HormoneHealth #WomensHealth #MidlifeWellness #MenopauseSupport,Which change surprised you by actually helping?,week1_day7_post11_banner.png,pending
07/13/2026,11:30 AM,reel,Brain & Cognition - standing in a doorway forgetti,,,"I stood in my kitchen last week and forgot why I walked in. That's not early dementia, that's a well documented cognitive shift tied to estrogen dropping. Memory, focus, word recall, all of it can dip during this transition. It's frustrating, but it's temporary for most women. Sticky notes and a little grace have gotten me through more days than I'd like to admit.","It's not memory loss, she's learned, but it feels like it. What's the last word that slipped away from you mid-sentence?",#MenopauseBrain #HormoneHealth #PerimenopauseSymptoms #MidlifeWomen #BrainFog #WomensHealth,Where do you leave your reminders these days?,week1_day7_post12_reel.mp4,pending
07/13/2026,12:00 PM,image,"Skin, Hair & Body Changes - a hairbrush with more strands ","Cinematic, photorealistic lifestyle photograph of a woman around 45 in a doctor's waiting room, experiencing a hairbrush with more strands than usual. flat fluorescent overhead light, shallow depth of field, natural skin texture, candid unposed expression, emotionally grounded and real, shot like a 35mm documentary photograph, no text, no illustration, no graphic overlays.",,,"More strands in the hairbrush than she remembered from even a few months ago, enough that she paused before setting it back down on the counter without a word. 🪮

It's rarely just one thing — collagen loss explains more of this than most people realize, touching hair, skin, and joints in ways that rarely get connected back to the same underlying cause until you actually sit down and map it out.

Supporting overall nutrition and gentle hair care, rather than chasing a single miracle product, tends to yield the most noticeable improvement over time. 🌱

What change caught you off guard first — was it your skin, your hair, or something else entirely?
#MenopauseHair #MenopauseSkin #WomensHealth #MidlifeWomen #MenopauseBeauty",#MenopauseHair #MenopauseSkin #WomensHealth #MidlifeWomen #MenopauseBeauty #HormoneHealth,Which part of your routine had to change this year?,week1_day7_post13_image.png,pending
07/13/2026,12:30 PM,image,"Relationships & Intimacy - two coffee mugs on a counter, ","Cinematic, photorealistic lifestyle photograph of a woman turning 50 this year in a cluttered home office desk, experiencing two coffee mugs on a counter, quiet between them. cool gray light of an overcast afternoon, shallow depth of field, natural skin texture, candid unposed expression, emotionally grounded and real, shot like a 35mm documentary photograph, no text, no illustration, no graphic overlays.",,,"Two coffee mugs sat on the counter, both still warm, the quiet between them saying more than either of them had said out loud in weeks, the silence somehow louder than words. ☕

It's rarely just one thing — partners often want to help but don't know where to start the conversation, and that uncertainty can look a lot like distance if nobody names what's actually happening underneath the silence.

Starting with one honest sentence, even an imperfect one, tends to open a door that's been quietly closed for longer than either person realized. 💛

When did you last talk about this with your partner honestly, start to finish?
#WomensHealth #HormoneHealth #MidlifeWomen #MidlifeRelationships #MenopauseSupport",#WomensHealth #HormoneHealth #MidlifeWomen #MidlifeRelationships #MenopauseSupport #MenopauseIntimacy,What's the conversation you've been putting off having?,week1_day7_post14_image.png,pending
07/13/2026,1:00 PM,image,Identity & Reinvention - a woman looking at an old phot,"Cinematic, photorealistic lifestyle photograph of a woman in her early 50s in a living room couch at 2am, experiencing a woman looking at an old photo of herself. the blue glow of a muted television, shallow depth of field, natural skin texture, candid unposed expression, emotionally grounded and real, shot like a 35mm documentary photograph, no text, no illustration, no graphic overlays.",,,"She found an old photo of herself tucked in a drawer, looking at a version of her life that felt both familiar and strangely distant now, more than she expected it to. 🖼️

It's rarely just one thing — some of the best decisions come right after the hardest ones, and this chapter has asked her to let go of more than she expected while quietly building something new in its place without announcing it to anyone.

Allowing yourself to look back without judgment, rather than only measuring how far you've come, tends to make peace with both versions of yourself. ✨

What's one thing about this chapter you didn't expect to enjoy as much as you do?
#MidlifeReinvention #WomensHealth #HormoneHealth #MidlifeWomen #MenopauseJourney",#MidlifeReinvention #WomensHealth #HormoneHealth #MidlifeWomen #MenopauseJourney #NewChapter,"What are you grieving, and what are you gaining?",week1_day7_post15_image.png,pending
